{"result":{"traceId":"-KE7PY8QmSunrh2ydHaz","categories":null,"series":[{"name":"CPU","color":"#993333","data":[[1458651632259,1458651633759],[1458651652279,1458651653779],[1458651660003,1458651661503],[1458651672260,1458651673760],[1458651692260,1458651693760],[1458651712259,1458651713759],[1458651720005,1458651721505],[1458651732261,1458651733761],[1458651752260,1458651753760],[1458651772260,1458651773760],[1458651780002,1458651781502],[1458651792260,1458651793760],[1458651812261,1458651813761],[1458651832260,1458651833760],[1458651840003,1458651841503],[1458651852260,1458651853760],[1458651872260,1458651873760],[1458651892259,1458651893759],[1458651900005,1458651901505],[1458651912262,1458651913762],[1458651932259,1458651933759],[1458651952260,1458651953760],[1458651954118,1458651954120]]},{"name":"Battery","color":"#f42109","data":null},{"name":"Sensor","color":"#0033FF","data":[[1458651632288,1458651633292],[1458651652345,1458651653339],[1458651660048,1458651661043],[1458651672319,1458651673314],[1458651692287,1458651693291],[1458651712291,1458651713279],[1458651720028,1458651721019],[1458651732302,1458651733302],[1458651752329,1458651753333],[1458651772334,1458651773328],[1458651780056,1458651781068],[1458651792308,1458651793297],[1458651812331,1458651813332],[1458651832310,1458651833310],[1458651840079,1458651841078],[1458651852322,1458651853319],[1458651872331,1458651873325],[1458651892310,1458651893313],[1458651900063,1458651901055],[1458651912323,1458651913308],[1458651932296,1458651933286]]}],"packages":["com.nclab.pada.itrack2","null","android","com.android.phone"],"estimatedPower":18750,"averagePower":54.85,"info":{"startTime":1458651612278,"endTime":1458651954120,"lockTime":34502,"alarmCount":23,"gpsTime":0,"gpsCount":0,"duration":341842,"idleTime":307340,"sensorTime":21930,"btTime":0,"recordingTime":0,"wifiTime":0}},"pc":{"taskId":"-KE7PY8QmSunrh2ydHaz","data":[[1458651632259,0.252497895827484],[1458651633759,0],[1458651652279,0.252497895827484],[1458651653779,0],[1458651660003,0.252497895827484],[1458651661503,0],[1458651672260,0.252497895827484],[1458651673760,0],[1458651692260,0.252497895827484],[1458651693760,0],[1458651712259,0.252497895827484],[1458651713759,0],[1458651720005,0.252497895827484],[1458651721505,0],[1458651732261,0.252497895827484],[1458651733761,0],[1458651752260,0.252497895827484],[1458651753760,0],[1458651772260,0.252497895827484],[1458651773760,0],[1458651780002,0.252497895827484],[1458651781502,0],[1458651792260,0.252497895827484],[1458651793760,0],[1458651812261,0.252497895827484],[1458651813761,0],[1458651832260,0.252497895827484],[1458651833760,0],[1458651840003,0.252497895827484],[1458651841503,0],[1458651852260,0.252497895827484],[1458651853760,0],[1458651872260,0.252497895827484],[1458651873760,0],[1458651892259,0.252497895827484],[1458651893759,0],[1458651900005,0.252497895827484],[1458651901505,0],[1458651912262,0.252497895827484],[1458651913762,0],[1458651932259,0.252497895827484],[1458651933759,0],[1458651952260,0.252497895827484],[1458651953760,0],[1458651954118,0.252497895827484],[1458651954120,0]]},"context":{"taskId":"","data":[[1458651612314,1458651954118,"Outdoor stationary"]],"contexts":[{"name":"Outdoor stationary","color":"#dddddd"}]},"aux":{"taskId":"-KE7PY8QmSunrh2ydHaz","rangeSeries":[],"pointSeries":[{"group":"MovementDetecction","msg":"START DECTECTION!\r","start":1458653175173},{"group":"MovementReceiver","msg":"REVEIVER ON!\r","start":1458653175268},{"group":"MovementReceiver","msg":"CALL collectAccDataForMicro()\r","start":1458653175275},{"group":"MovementReceiver","msg":"REVEIVER ON!\r","start":1458653185219},{"group":"MovementReceiver","msg":"CALL collectAccDataForMicro()\r","start":1458653185227},{"group":"MovementReceiver","msg":"CALL collectAccDataForMacro()\r","start":1458653186240},{"group":"IndoorTracker","msg":"START TRACKING!\r","start":1458653199283},{"group":"IndoorTrackerAlarmReceiver","msg":"REVEIVER ON!\r","start":1458653199353},{"group":"MovementReceiver","msg":"REVEIVER ON!\r","start":1458653205225},{"group":"MovementReceiver","msg":"CALL collectAccDataForMicro()\r","start":1458653205240},{"group":"MovementReceiver","msg":"REVEIVER ON!\r","start":1458653215220},{"group":"MovementReceiver","msg":"CALL collectAccDataForMicro()\r","start":1458653215231},{"group":"MovementReceiver","msg":"REVEIVER ON!\r","start":1458653225219},{"group":"MovementReceiver","msg":"CALL collectAccDataForMicro()\r","start":1458653225228},{"group":"MovementReceiver","msg":"REVEIVER ON!\r","start":1458653235222},{"group":"MovementReceiver","msg":"CALL collectAccDataForMicro()\r","start":1458653235230},{"group":"MovementReceiver","msg":"REVEIVER ON!\r","start":1458653245239},{"group":"MovementReceiver","msg":"CALL collectAccDataForMicro()\r","start":1458653245248},{"group":"MovementReceiver","msg":"REVEIVER ON!\r","start":1458653255220},{"group":"MovementReceiver","msg":"CALL collectAccDataForMicro()\r","start":1458653255227},{"group":"IndoorTrackerAlarmReceiver","msg":"REVEIVER ON!\r","start":1458653259330},{"group":"MovementReceiver","msg":"REVEIVER ON!\r","start":1458653265221},{"group":"MovementReceiver","msg":"CALL collectAccDataForMicro()\r","start":1458653265227},{"group":"MovementReceiver","msg":"REVEIVER ON!\r","start":1458653275224},{"group":"MovementReceiver","msg":"CALL collectAccDataForMicro()\r","start":1458653275236},{"group":"MovementReceiver","msg":"REVEIVER ON!\r","start":1458653285221},{"group":"MovementReceiver","msg":"CALL collectAccDataForMicro()\r","start":1458653285228},{"group":"MovementReceiver","msg":"REVEIVER ON!\r","start":1458653295221},{"group":"MovementReceiver","msg":"CALL collectAccDataForMicro()\r","start":1458653295228},{"group":"MovementReceiver","msg":"REVEIVER ON!\r","start":1458653305231},{"group":"MovementReceiver","msg":"CALL collectAccDataForMicro()\r","start":1458653305238},{"group":"MovementReceiver","msg":"REVEIVER ON!\r","start":1458653315220},{"group":"MovementReceiver","msg":"CALL collectAccDataForMicro()\r","start":1458653315228},{"group":"IndoorTrackerAlarmReceiver","msg":"REVEIVER ON!\r","start":1458653319330},{"group":"MovementReceiver","msg":"REVEIVER ON!\r","start":1458653325222},{"group":"MovementReceiver","msg":"CALL collectAccDataForMicro()\r","start":1458653325229},{"group":"MovementReceiver","msg":"REVEIVER ON!\r","start":1458653335221},{"group":"MovementReceiver","msg":"CALL collectAccDataForMicro()\r","start":1458653335231},{"group":"MovementReceiver","msg":"REVEIVER ON!\r","start":1458653345218},{"group":"MovementReceiver","msg":"CALL collectAccDataForMicro()\r","start":1458653345225},{"group":"MovementReceiver","msg":"REVEIVER ON!\r","start":1458653355219},{"group":"MovementReceiver","msg":"CALL collectAccDataForMicro()\r","start":1458653355226},{"group":"MovementReceiver","msg":"REVEIVER ON!\r","start":1458653365227},{"group":"MovementReceiver","msg":"CALL collectAccDataForMicro()\r","start":1458653365237},{"group":"MovementReceiver","msg":"REVEIVER ON!\r","start":1458653375219},{"group":"MovementReceiver","msg":"CALL collectAccDataForMicro()\r","start":1458653375228},{"group":"IndoorTrackerAlarmReceiver","msg":"REVEIVER ON!\r","start":1458653379336},{"group":"MovementReceiver","msg":"REVEIVER ON!\r","start":1458653385220},{"group":"MovementReceiver","msg":"CALL collectAccDataForMicro()\r","start":1458653385227},{"group":"MovementReceiver","msg":"REVEIVER ON!\r","start":1458653395222},{"group":"MovementReceiver","msg":"CALL collectAccDataForMicro()\r","start":1458653395229},{"group":"MovementReceiver","msg":"REVEIVER ON!\r","start":1458653405221},{"group":"MovementReceiver","msg":"CALL collectAccDataForMicro()\r","start":1458653405229},{"group":"MovementReceiver","msg":"REVEIVER ON!\r","start":1458653415223},{"group":"MovementReceiver","msg":"CALL collectAccDataForMicro()\r","start":1458653415229},{"group":"MovementReceiver","msg":"REVEIVER ON!\r","start":1458653425219},{"group":"MovementReceiver",