{"result":{"traceId":"-KE6eUPVtch_F-K8JuMG","categories":null,"series":[{"name":"CPU","color":"#993333","data":[[1458651622177,1458651623677],[1458651632179,1458651633679],[1458651642172,1458651643672],[1458651652174,1458651653674],[1458651660007,1458651661507],[1458651662172,1458651663672],[1458651672172,1458651673672],[1458651682171,1458651683671],[1458651692173,1458651693673],[1458651702172,1458651703672],[1458651712171,1458651713671],[1458651720007,1458651721507],[1458651722174,1458651723674],[1458651732174,1458651733674],[1458651742175,1458651743675],[1458651752172,1458651753672],[1458651762172,1458651763672],[1458651772172,1458651773672],[1458651780009,1458651781509],[1458651782172,1458651783672],[1458651792172,1458651793672],[1458651802176,1458651803676],[1458651812172,1458651813672],[1458651822172,1458651823672],[1458651832171,1458651833671],[1458651840008,1458651841508],[1458651842175,1458651843675],[1458651852175,1458651853675],[1458651862173,1458651863673],[1458651872170,1458651873670],[1458651882172,1458651883672],[1458651892172,1458651893672],[1458651900003,1458651901503],[1458651902172,1458651903672],[1458651912174,1458651913674],[1458651922175,1458651923675],[1458651932171,1458651933671],[1458651942173,1458651943673],[1458651952174,1458651953674],[1458651954119,1458651954122]]},{"name":"Battery","color":"#f42109","data":null}],"packages":["com.nclab.pada.itrack2","null","android","com.android.phone"],"estimatedPower":29368,"averagePower":85.89,"info":{"startTime":1458651612183,"endTime":1458651954122,"lockTime":60003,"alarmCount":40,"gpsTime":0,"gpsCount":0,"duration":341939,"idleTime":281936,"sensorTime":0,"btTime":0,"recordingTime":0,"wifiTime":0}},"pc":{"taskId":"-KE6eUPVtch_F-K8JuMG","data":[[1458651622177,0.252497895827484],[1458651623677,0],[1458651632179,0.252497895827484],[1458651633679,0],[1458651642172,0.252497895827484],[1458651643672,0],[1458651652174,0.252497895827484],[1458651653674,0],[1458651660007,0.252497895827484],[1458651661507,0],[1458651662172,0.252497895827484],[1458651663672,0],[1458651672172,0.252497895827484],[1458651673672,0],[1458651682171,0.252497895827484],[1458651683671,0],[1458651692173,0.252497895827484],[1458651693673,0],[1458651702172,0.252497895827484],[1458651703672,0],[1458651712171,0.252497895827484],[1458651713671,0],[1458651720007,0.252497895827484],[1458651721507,0],[1458651722174,0.252497895827484],[1458651723674,0],[1458651732174,0.252497895827484],[1458651733674,0],[1458651742175,0.252497895827484],[1458651743675,0],[1458651752172,0.252497895827484],[1458651753672,0],[1458651762172,0.252497895827484],[1458651763672,0],[1458651772172,0.252497895827484],[1458651773672,0],[1458651780009,0.252497895827484],[1458651781509,0],[1458651782172,0.252497895827484],[1458651783672,0],[1458651792172,0.252497895827484],[1458651793672,0],[1458651802176,0.252497895827484],[1458651803676,0],[1458651812172,0.252497895827484],[1458651813672,0],[1458651822172,0.252497895827484],[1458651823672,0],[1458651832171,0.252497895827484],[1458651833671,0],[1458651840008,0.252497895827484],[1458651841508,0],[1458651842175,0.252497895827484],[1458651843675,0],[1458651852175,0.252497895827484],[1458651853675,0],[1458651862173,0.252497895827484],[1458651863673,0],[1458651872170,0.252497895827484],[1458651873670,0],[1458651882172,0.252497895827484],[1458651883672,0],[1458651892172,0.252497895827484],[1458651893672,0],[1458651900003,0.252497895827484],[1458651901503,0],[1458651902172,0.252497895827484],[1458651903672,0],[1458651912174,0.252497895827484],[1458651913674,0],[1458651922175,0.252497895827484],[1458651923675,0],[1458651932171,0.252497895827484],[1458651933671,0],[1458651942173,0.252497895827484],[1458651943673,0],[1458651952174,0.252497895827484],[1458651953674,0],[1458651954119,0.252497895827484],[1458651954122,0]]},"context":{"taskId":"","data":[[1458651612000,1458651954000,"Indoor stationary"]],"contexts":[{"name":"Indoor stationary","color":"#dddddd"}]},"aux":{"taskId":"-KE6eUPVtch_F-K8JuMG","rangeSeries":[{"group":"itrack2.indoor","msg":"Indoor Tracking\r","start":1458653765524,"end":1458653935383},{"group":"iTrack2.outdoor","msg":"Outdoor Tracking\r","start":1458651646377,"end":1458651816290}],"pointSeries":[],"groups":["itrack2.indoor","iTrack2.outdoor"]},"taskId":"-KE6eUPVtch_F-K8JuMG"}