{"result":{"traceId":"-KE6eUPVtch_F-K8JuMD","categories":null,"series":[{"name":"CPU","color":"#993333","data":[[1458651622101,1458651623601],[1458651632104,1458651633604],[1458651642101,1458651643601],[1458651652100,1458651653600],[1458651660005,1458651661505],[1458651662100,1458651663600],[1458651672100,1458651673600],[1458651682100,1458651683600],[1458651692100,1458651693600],[1458651702100,1458651703600],[1458651712100,1458651713600],[1458651720003,1458651721503],[1458651722101,1458651723601],[1458651732099,1458651733599],[1458651742100,1458651743600],[1458651752100,1458651753600],[1458651762100,1458651763600],[1458651772100,1458651773600],[1458651780004,1458651781504],[1458651782099,1458651783599],[1458651792100,1458651793600],[1458651802098,1458651803598],[1458651812100,1458651813600],[1458651822101,1458651823601],[1458651832100,1458651833600],[1458651840003,1458651841503],[1458651842100,1458651843600],[1458651852098,1458651853598],[1458651862101,1458651863601],[1458651872100,1458651873600],[1458651882100,1458651883600],[1458651892099,1458651893599],[1458651900003,1458651901503],[1458651902100,1458651903600],[1458651912100,1458651913600],[1458651922101,1458651923601],[1458651932100,1458651933600],[1458651942100,1458651943600],[1458651952100,1458651953600],[1458651954118,1458651954120]]},{"name":"Battery","color":"#f42109","data":null}],"packages":["com.nclab.pada.itrack2","null","android","com.android.phone"],"estimatedPower":29368,"averagePower":85.87,"info":{"startTime":1458651612116,"endTime":1458651954120,"lockTime":60002,"alarmCount":40,"gpsTime":0,"gpsCount":0,"duration":342004,"idleTime":282002,"sensorTime":0,"btTime":0,"recordingTime":0,"wifiTime":0}},"pc":{"taskId":"-KE6eUPVtch_F-K8JuMD","data":[[1458651622101,0.252497895827484],[1458651623601,0],[1458651632104,0.252497895827484],[1458651633604,0],[1458651642101,0.252497895827484],[1458651643601,0],[1458651652100,0.252497895827484],[1458651653600,0],[1458651660005,0.252497895827484],[1458651661505,0],[1458651662100,0.252497895827484],[1458651663600,0],[1458651672100,0.252497895827484],[1458651673600,0],[1458651682100,0.252497895827484],[1458651683600,0],[1458651692100,0.252497895827484],[1458651693600,0],[1458651702100,0.252497895827484],[1458651703600,0],[1458651712100,0.252497895827484],[1458651713600,0],[1458651720003,0.252497895827484],[1458651721503,0],[1458651722101,0.252497895827484],[1458651723601,0],[1458651732099,0.252497895827484],[1458651733599,0],[1458651742100,0.252497895827484],[1458651743600,0],[1458651752100,0.252497895827484],[1458651753600,0],[1458651762100,0.252497895827484],[1458651763600,0],[1458651772100,0.252497895827484],[1458651773600,0],[1458651780004,0.252497895827484],[1458651781504,0],[1458651782099,0.252497895827484],[1458651783599,0],[1458651792100,0.252497895827484],[1458651793600,0],[1458651802098,0.252497895827484],[1458651803598,0],[1458651812100,0.252497895827484],[1458651813600,0],[1458651822101,0.252497895827484],[1458651823601,0],[1458651832100,0.252497895827484],[1458651833600,0],[1458651840003,0.252497895827484],[1458651841503,0],[1458651842100,0.252497895827484],[1458651843600,0],[1458651852098,0.252497895827484],[1458651853598,0],[1458651862101,0.252497895827484],[1458651863601,0],[1458651872100,0.252497895827484],[1458651873600,0],[1458651882100,0.252497895827484],[1458651883600,0],[1458651892099,0.252497895827484],[1458651893599,0],[1458651900003,0.252497895827484],[1458651901503,0],[1458651902100,0.252497895827484],[1458651903600,0],[1458651912100,0.252497895827484],[1458651913600,0],[1458651922101,0.252497895827484],[1458651923601,0],[1458651932100,0.252497895827484],[1458651933600,0],[1458651942100,0.252497895827484],[1458651943600,0],[1458651952100,0.252497895827484],[1458651953600,0],[1458651954118,0.252497895827484],[1458651954120,0]]},"context":{"taskId":"","data":[[1458651612314,1458651954118,"Outdoor stationary"]],"contexts":[{"name":"Outdoor stationary","color":"#dddddd"}]},"aux":{"taskId":"-KE6eUPVtch_F-K8JuMD","rangeSeries":[{"group":"iTrack2.outdoor","msg":"Outdoor Tracking\r","start":1458651646221,"end":1458651816140},{"group":"itrack2.indoor","msg":"Indoor Tracking\r","start":1458653199230,"end":1458653499175},{"group":"iTrack2.outdoor","msg":"Outdoor Tracking\r","start":1458650148459,"end":1458650448362}],"pointSeries":[{"group":"MovementDetector","msg":"startDetection()\r","start":1458651612070},{"group":"MovementDetector","msg":"collectAccDataForMicro()\r","start":1458651612121},{"group":"MovementDetector","msg":"gatherMicroAccData()\r","start":1458651612124},{"group":"MovementDetector","msg":"detectMicroMovement()\r","start":1458651613214},{"group":"MovementDetector","msg":"collectAccDataForMicro()\r","start":1458651622115},{"group":"MovementDetector","msg":"gatherMicroAccData()\r","start":1458651622118},{"group":"MovementDetector","msg":"detectMicroMovement()\r","start":1458651623137},{"group":"MovementDetector","msg":"collectAccDataForMicro()\r","start":1458651632117},{"group":"MovementDetector","msg":"gatherMicroAccData()\r","start":1458651632119},{"group":"MovementDetector","msg":"detectMicroMovement()\r","start":1458651633144},{"group":"MovementDetector","msg":"collectAccDataForMacro()\r","start":1458651633150},{"group":"MovementDetector","msg":"gatherMacroAccData()\r","start":1458651633153},{"group":"MovementDetector","msg":"detectMacroMovement()\r","start":1458651636196},{"group":"MovementDetector","msg":"detectIsIndoorOutdoor()\r","start":1458651636226},{"group":"OutdoorTracker","msg":"startTracking()\r","start":1458651646248}],"groups":["iTrack2.outdoor","itrack2.indoor","MovementDetector","OutdoorTracker"]},"taskId":"-KE6eUPVtch_F-K8JuMD"}